rk,player,gp,mpg,ts%,ast,to,usg,orr,drr,rebr,per,va,ewa,team
1,Ahmad Caver,1,1.0,1.000,0.0,0.0,0.0,0.0,0.0,0.0,78.83,1.0,0.0, IND
2,Sekou Doumbouya,2,8.0,.717,0.0,17.0,0.0,0.0,0.0,0.0,41.23,0.0,0.0, LAL
3,Joe Johnson,1,2.0,1.000,0.0,0.0,0.0,0.0,0.0,0.0,39.82,0.9,0.0, BOS
4,Nikola Jokic,48,32.9,.662,25.4,11.7,0.0,0.0,0.0,0.0,33.21,533.1,17.8, DEN
5,Giannis Antetokounmpo,47,32.5,.623,18.5,10.2,0.0,0.0,0.0,0.0,32.16,0.0,0.0, MIL
6,Moses Wright,1,1.0,.000,100.0,0.0,0.0,0.0,0.0,0.0,31.81,0.0,0.0, LAC
7,Joel Embiid,42,33.0,.609,13.8,9.1,0.0,0.0,0.0,0.0,31.66,435.0,14.5, PHI
8,Jordan Bell,1,2.0,.000,0.0,0.0,0.0,0.0,0.0,0.0,29.87,0.6,0.0, CHI
9,Malik Newman,1,8.0,.680,12.7,12.7,0.0,0.0,0.0,0.0,29.27,2.2,0.1, CLE
10,Devontae Cacok,8,8.4,.690,6.9,3.4,0.0,0.0,0.0,0.0,27.83,0.0,0.0, SA
11,LeBron James,39,36.7,.620,19.5,9.6,0.0,0.0,0.0,0.0,27.10,0.0,0.0, LAL
12,D.J. Wilson,3,16.0,.779,18.7,9.3,0.0,0.0,0.0,0.0,27.02,0.0,0.0, TOR
13,Jaden Springer,2,3.0,1.000,0.0,50.0,0.0,0.0,0.0,0.0,26.85,0.0,0.0, PHI
14,Brandon Williams,2,6.0,.658,24.8,0.0,0.0,0.0,0.0,0.0,26.59,0.0,0.0, POR
15,Jimmy Butler,37,33.8,.604,23.1,8.0,0.0,0.0,0.0,0.0,26.52,0.0,0.0, MIA
16,Kevin Durant,36,36.5,.626,17.9,9.3,0.0,0.0,0.0,0.0,26.40,0.0,0.0, BKN
17,Rudy Gobert,42,32.5,.728,8.4,13.1,0.0,0.0,0.0,0.0,25.58,305.0,10.2, UTAH
18,Brandon Clarke,42,18.7,.673,15.3,5.3,0.0,0.0,0.0,0.0,25.45,0.0,0.0, MEM
19,JaVale McGee,49,16.3,.675,6.9,15.0,0.0,0.0,0.0,0.0,25.22,174.0,5.8, PHX
20,Ja Morant,44,33.1,.572,20.4,10.4,0.0,0.0,0.0,0.0,25.08,0.0,0.0, MEM
21,Trae Young,49,34.5,.591,25.2,11.2,0.0,0.0,0.0,0.0,25.04,0.0,0.0, ATL
22,Terry Taylor,10,16.6,.602,17.5,4.4,0.0,0.0,0.0,0.0,24.92,0.0,0.0, IND
23,Montrezl Harrell,46,24.3,.684,15.5,8.1,0.0,0.0,0.0,0.0,24.70,231.7,7.7, WSH
24,Luka Doncic,41,35.2,.554,24.2,11.6,0.0,0.0,0.0,0.0,24.46,0.0,0.0, DAL
25,Anthony Davis,35,35.6,.581,11.4,8.6,0.0,0.0,0.0,0.0,24.34,0.0,0.0, LAL
26,DeMar DeRozan,51,35.4,.594,16.7,7.7,0.0,0.0,0.0,0.0,24.15,0.0,0.0, CHI
27,Karl-Anthony Towns,48,34.3,.632,15.0,12.5,0.0,0.0,0.0,0.0,23.82,320.1,10.7, MIN
28,Willy Hernangomez,28,16.7,.592,13.1,9.9,0.0,0.0,0.0,0.0,23.52,90.0,3.0, NO
29,Jarrett Allen,47,32.6,.686,11.8,11.5,0.0,0.0,0.0,0.0,23.25,289.1,9.6, CLE
30,Domantas Sabonis,48,34.7,.646,22.1,13.5,0.0,10.5,0.0,19.2,22.87,0.0,0.0, IND/SAC
31,Deandre Ayton,34,29.2,.663,9.7,10.6,0.0,0.0,0.0,0.0,22.80,180.8,6.0, PHX
32,Donovan Mitchell,43,33.3,.572,17.3,9.7,0.0,0.0,0.0,0.0,22.43,0.0,0.0, UTAH
33,Kristaps Porzingis,34,29.5,.561,9.8,7.5,0.0,0.0,0.0,0.0,22.33,172.4,5.7, DAL
34,Isaiah Jackson,19,9.5,.580,6.6,9.4,0.0,0.0,0.0,0.0,22.26,0.0,0.0, IND
35,Isaiah Hartenstein,43,15.8,.643,21.3,11.8,0.0,0.0,0.0,0.0,22.22,115.9,3.9, LAC
36,Frank Kaminsky,9,20.1,.635,14.0,5.4,0.0,0.0,0.0,0.0,22.04,0.0,0.0, PHX
37,Robert Williams III,45,29.7,.744,20.5,11.8,0.0,0.0,0.0,0.0,22.02,227.6,7.6, BOS
38,Stephen Curry,51,34.7,.590,20.3,10.4,0.0,0.0,0.0,0.0,21.92,0.0,0.0, GS
39,Bismack Biyombo,16,18.8,.614,9.8,8.4,0.0,0.0,0.0,0.0,21.89,50.6,1.7, PHX
40,Cameron Oliver,2,21.5,.705,15.5,0.0,0.0,0.0,0.0,0.0,21.88,7.1,0.2, ATL
41,Jared Harper,2,5.0,.500,27.3,9.1,0.0,0.0,0.0,0.0,21.77,0.0,0.0, NO
42,Zach Collins,2,15.5,.508,24.2,16.2,0.0,0.0,0.0,0.0,21.73,0.0,0.0, SA
43,Kevin Love,47,22.3,.595,13.9,8.3,0.0,0.0,0.0,0.0,21.67,0.0,0.0, CLE
44,Daniel Gafford,48,20.6,.700,12.1,11.1,0.0,0.0,0.0,0.0,21.65,160.1,5.3, WSH
45,Dejounte Murray,48,34.4,.512,29.8,8.1,0.0,0.0,0.0,0.0,21.62,0.0,0.0, SA
,Hassan Whiteside,43,18.3,.647,5.0,11.5,0.0,0.0,0.0,0.0,21.62,129.2,4.3, UTAH
47,Boban Marjanovic,17,5.8,.632,2.6,14.3,0.0,0.0,0.0,0.0,21.48,15.9,0.5, DAL
48,Charles Bassey,22,7.3,.669,11.1,12.7,0.0,0.0,0.0,0.0,21.40,26.0,0.9, PHI
49,Chris Paul,55,33.4,.579,40.9,9.1,0.0,0.0,0.0,0.0,21.36,0.0,0.0, PHX
50,Jonas Valanciunas,49,31.3,.611,12.9,12.7,0.0,0.0,0.0,0.0,21.26,244.4,8.1, NO
51,James Harden,44,37.0,.576,29.4,14.0,0.0,0.0,0.0,0.0,21.18,0.0,0.0, BKN
52,Jakob Poeltl,45,28.8,.604,18.2,10.3,0.0,0.0,0.0,0.0,21.10,199.2,6.6, SA
53,Clint Capela,46,28.2,.573,12.5,4.7,0.0,0.0,0.0,0.0,21.05,201.9,6.7, ATL
54,Bam Adebayo,31,32.9,.580,15.4,13.0,0.0,0.0,0.0,0.0,20.98,155.0,5.2, MIA
55,Zach LaVine,46,34.5,.610,16.1,9.9,0.0,0.0,0.0,0.0,20.94,0.0,0.0, CHI
56,Tyrell Terry,2,1.5,1.000,0.0,0.0,0.0,0.0,0.0,0.0,20.86,0.0,0.0, MEM
57,Mitchell Robinson,50,25.4,.733,6.5,10.8,0.0,0.0,0.0,0.0,20.85,194.2,6.5, NY
58,Trevon Scott,2,5.5,.500,0.0,0.0,0.0,0.0,0.0,0.0,20.78,0.0,0.0, CLE
59,LaMarcus Aldridge,36,22.9,.601,6.7,6.9,0.0,0.0,0.0,0.0,20.49,119.4,4.0, BKN
60,Pascal Siakam,41,37.8,.564,19.0,10.0,0.0,0.0,0.0,0.0,20.43,0.0,0.0, TOR
61,Day'Ron Sharpe,27,12.7,.574,6.4,14.9,0.0,0.0,0.0,0.0,20.27,48.5,1.6, BKN
,Jrue Holiday,44,32.8,.590,27.0,10.9,0.0,0.0,0.0,0.0,20.27,0.0,0.0, MIL
63,Mike Muscala,43,13.8,.630,7.1,4.5,0.0,0.0,0.0,0.0,20.26,85.5,2.8, OKC
64,Devin Booker,48,34.0,.556,14.7,8.0,0.0,0.0,0.0,0.0,20.25,0.0,0.0, PHX
65,John Collins,49,31.5,.626,11.4,6.6,0.0,0.0,0.0,0.0,20.21,0.0,0.0, ATL
66,Jusuf Nurkic,53,27.9,.582,15.2,14.2,0.0,0.0,0.0,0.0,20.19,212.0,7.1, POR
67,Jaxson Hayes,43,16.4,.691,6.4,10.3,0.0,0.0,0.0,0.0,20.15,98.3,3.3, NO
68,Jayson Tatum,52,36.1,.548,13.6,9.6,0.0,0.0,0.0,0.0,20.09,0.0,0.0, BOS
,Onyeka Okongwu,22,22.1,.750,12.8,13.9,0.0,0.0,0.0,0.0,20.09,0.0,0.0, ATL
70,LaMelo Ball,49,32.4,.540,25.8,10.9,0.0,0.0,0.0,0.0,19.89,0.0,0.0, CHA
71,Andre Drummond,49,18.4,.544,21.6,17.6,0.0,0.0,0.0,0.0,19.78,123.6,4.1, PHI
72,Gary Payton II,53,16.6,.686,12.8,7.4,0.0,0.0,0.0,0.0,19.56,0.0,0.0, GS
73,Richaun Holmes,38,25.3,.709,11.3,12.3,0.0,0.0,0.0,0.0,19.42,123.9,4.1, SAC
74,Shai Gilgeous-Alexander,43,34.6,.531,18.8,8.2,0.0,0.0,0.0,0.0,19.38,0.0,0.0, OKC
75,Greg Monroe,9,15.4,.550,20.2,11.5,0.0,15.4,0.0,20.4,19.29,18.0,0.6, MIN/WSH/MIL
76,Damian Lillard,29,36.4,.550,22.9,9.0,0.0,0.0,0.0,0.0,19.22,0.0,0.0, POR
77,Fred VanVleet,48,38.6,.568,24.7,9.5,0.0,0.0,0.0,0.0,19.20,0.0,0.0, TOR
78,Nic Claxton,25,21.2,.639,9.7,8.3,0.0,0.0,0.0,0.0,19.08,0.0,0.0, BKN
79,Thaddeus Young,26,14.2,.574,26.0,13.2,0.0,0.0,0.0,0.0,19.05,0.0,0.0, SA
80,Kyrie Irving,13,35.8,.552,18.3,8.4,0.0,0.0,0.0,0.0,19.02,0.0,0.0, BKN
81,Nikola Vucevic,48,33.7,.529,16.5,8.2,0.0,0.0,0.0,0.0,18.99,202.6,6.8, CHI
82,Anthony Gill,22,6.7,.803,14.5,9.0,0.0,0.0,0.0,0.0,18.95,0.0,0.0, WSH
83,Bobby Portis,48,28.8,.586,8.0,9.3,0.0,0.0,0.0,0.0,18.93,167.5,5.6, MIL
84,Jaylen Brown,42,34.2,.568,11.8,10.8,0.0,0.0,0.0,0.0,18.74,0.0,0.0, BOS
85,Christian Wood,52,31.1,.572,11.3,9.7,0.0,0.0,0.0,0.0,18.72,196.0,6.5, HOU
,Klay Thompson,13,24.3,.554,16.0,7.8,0.0,0.0,0.0,0.0,18.72,0.0,0.0, GS
87,Chris Boucher,52,20.2,.565,3.8,6.8,0.0,0.0,0.0,0.0,18.71,0.0,0.0, TOR
,Brandon Ingram,41,34.4,.545,18.5,9.3,0.0,0.0,0.0,0.0,18.71,0.0,0.0, NO
89,Khris Middleton,45,31.9,.577,20.7,12.0,0.0,0.0,0.0,0.0,18.63,0.0,0.0, MIL
90,Moritz Wagner,45,12.5,.627,13.9,9.0,0.0,0.0,0.0,0.0,18.53,0.0,0.0, ORL
91,Mike Conley,49,28.5,.594,27.5,8.9,0.0,0.0,0.0,0.0,18.50,0.0,0.0, UTAH
92,Malcolm Brogdon,28,33.4,.558,24.0,8.8,0.0,0.0,0.0,0.0,18.43,0.0,0.0, IND
93,Darius Garland,45,34.6,.583,28.1,12.8,0.0,0.0,0.0,0.0,18.39,0.0,0.0, CLE
94,Ivica Zubac,51,24.0,.685,13.2,14.8,0.0,0.0,0.0,0.0,18.38,142.0,4.7, LAC
95,Bradley Beal,40,36.0,.539,21.0,10.7,0.0,0.0,0.0,0.0,18.36,0.0,0.0, WSH
96,Dwight Howard,41,14.5,.657,10.2,15.3,0.0,0.0,0.0,0.0,18.30,68.3,2.3, LAL
97,James Ennis III,7,8.0,.553,9.6,6.4,0.0,10.4,0.0,12.5,18.24,0.0,0.0, BKN/LAC/DEN
98,Omer Yurtseven,40,14.1,.549,14.3,11.6,0.0,0.0,0.0,0.0,18.22,64.1,2.1, MIA
99,Paul George,26,35.5,.528,16.5,12.7,0.0,0.0,0.0,0.0,18.12,0.0,0.0, LAC
100,Tobias Harris,45,35.4,.570,16.9,8.2,0.0,0.0,0.0,0.0,18.06,0.0,0.0, PHI
101,Myles Turner,42,29.4,.615,8.2,10.1,0.0,0.0,0.0,0.0,17.95,131.7,4.4, IND
102,Wendell Carter Jr.,47,29.3,.590,16.7,10.7,0.0,0.0,0.0,0.0,17.87,149.3,5.0, ORL
103,Jaren Jackson Jr.,56,27.9,.538,5.8,9.4,0.0,0.0,0.0,0.0,17.80,0.0,0.0, MEM
104,Jalen Brunson,55,31.7,.575,25.8,8.2,0.0,0.0,0.0,0.0,17.77,0.0,0.0, DAL
,Miles Bridges,54,35.9,.582,15.9,8.1,0.0,0.0,0.0,0.0,17.77,0.0,0.0, CHA
106,DeAndre Jordan,31,12.9,.657,9.8,15.2,0.0,0.0,0.0,0.0,17.76,42.7,1.4, LAL
107,Cody Zeller,27,13.1,.627,14.4,12.5,0.0,0.0,0.0,0.0,17.70,37.6,1.3, POR
108,Daishen Nix,8,8.4,.704,24.8,22.3,0.0,0.0,0.0,0.0,17.65,0.0,0.0, HOU
109,Derrick Rose,26,24.5,.541,24.0,9.1,0.0,0.0,0.0,0.0,17.59,0.0,0.0, NY
110,Isaiah Roby,18,13.7,.649,10.7,12.4,0.0,0.0,0.0,0.0,17.56,24.8,0.8, OKC
111,Vernon Carey Jr.,4,4.3,.546,0.0,12.0,0.0,0.0,0.0,0.0,17.52,1.8,0.1, CHA
112,Dewayne Dedmon,49,16.5,.651,10.9,15.6,0.0,0.0,0.0,0.0,17.48,83.0,2.8, MIA
113,Tyrese Haliburton,51,34.5,.575,33.7,10.2,0.0,0.0,0.0,0.0,17.45,0.0,0.0, SAC
114,Steven Adams,53,26.1,.557,28.9,14.7,0.0,0.0,0.0,0.0,17.42,140.5,4.7, MEM
115,Eugene Omoruyi,4,4.5,.518,22.8,0.0,0.0,0.0,0.0,0.0,17.38,0.0,0.0, DAL
,D'Angelo Russell,41,32.0,.542,25.8,9.6,0.0,0.0,0.0,0.0,17.38,0.0,0.0, MIN
,Brandon Knight,3,18.0,.638,22.5,11.3,0.0,0.0,0.0,0.0,17.38,0.0,0.0, DAL
118,Jaylen Nowell,40,15.1,.557,21.4,5.4,0.0,0.0,0.0,0.0,17.37,0.0,0.0, MIN
119,Damian Jones,37,15.2,.685,16.9,14.9,0.0,0.0,0.0,0.0,17.33,56.6,1.9, SAC
120,Jock Landale,34,10.1,.610,17.2,12.2,0.0,0.0,0.0,0.0,17.25,34.1,1.1, SA
121,Trey Lyles,51,19.4,.576,10.1,9.4,0.0,0.0,0.0,0.0,17.24,0.0,0.0, DET
122,Desmond Bane,53,30.0,.582,12.9,7.7,0.0,0.0,0.0,0.0,17.18,0.0,0.0, MEM
123,Obi Toppin,51,15.4,.587,11.5,9.6,0.0,0.0,0.0,0.0,17.12,0.0,0.0, NY
124,Lindell Wigginton,7,6.1,.864,25.0,20.0,0.0,0.0,0.0,0.0,17.04,4.0,0.1, MIL
125,Nick Richards,40,8.5,.707,9.8,15.1,0.0,0.0,0.0,0.0,16.97,31.3,1.0, CHA
126,Otto Porter Jr.,45,21.6,.599,17.2,5.6,0.0,0.0,0.0,0.0,16.89,0.0,0.0, GS
127,Dwight Powell,56,20.3,.707,15.6,10.8,0.0,0.0,0.0,0.0,16.88,103.2,3.4, DAL
128,DeMarcus Cousins,22,16.0,.523,10.1,12.7,0.0,10.5,0.0,20.1,16.87,33.0,1.1, MIL/DEN
129,Caris LeVert,40,31.1,.529,18.5,7.9,0.0,2.6,0.0,6.7,16.85,0.0,0.0, IND/CLE
130,Harrison Barnes,52,33.8,.623,14.1,8.8,0.0,0.0,0.0,0.0,16.81,0.0,0.0, SAC
131,Nathan Knight,28,6.9,.580,13.8,11.8,0.0,0.0,0.0,0.0,16.80,0.0,0.0, MIN
132,Gorgui Dieng,35,9.2,.613,18.9,12.8,0.0,0.0,0.0,0.0,16.78,29.8,1.0, ATL
133,Jarred Vanderbilt,50,26.0,.617,16.5,12.3,0.0,0.0,0.0,0.0,16.77,0.0,0.0, MIN
134,Andrew Wiggins,51,31.7,.583,11.3,7.8,0.0,0.0,0.0,0.0,16.75,0.0,0.0, GS
135,Naz Reid,52,16.0,.563,9.2,11.7,0.0,0.0,0.0,0.0,16.74,76.0,2.5, MIN
136,Anthony Edwards,49,34.9,.555,13.6,10.8,0.0,0.0,0.0,0.0,16.72,0.0,0.0, MIN
137,De'Aaron Fox,45,34.2,.536,18.5,10.0,0.0,0.0,0.0,0.0,16.70,0.0,0.0, SAC
138,Tyus Jones,50,20.6,.546,34.1,5.8,0.0,0.0,0.0,0.0,16.66,0.0,0.0, MEM
139,Goran Dragic,5,18.0,.521,18.6,2.1,0.0,0.0,0.0,0.0,16.65,0.0,0.0, TOR
140,Jose Alvarado,28,12.7,.521,26.8,4.9,0.0,0.0,0.0,0.0,16.63,0.0,0.0, NO
141,Jalen Smith,29,13.2,.547,3.2,11.7,0.0,0.0,0.0,0.0,16.51,0.0,0.0, PHX
142,Gary Trent Jr.,45,34.9,.564,10.2,5.0,0.0,0.0,0.0,0.0,16.48,0.0,0.0, TOR
143,Julius Randle,54,35.4,.513,18.8,12.6,0.0,0.0,0.0,0.0,16.42,0.0,0.0, NY
144,Norman Powell,43,32.9,.595,11.2,8.0,0.0,1.5,0.0,5.4,16.40,0.0,0.0, POR/LAC
145,Terry Rozier,47,33.3,.548,18.2,5.8,0.0,0.0,0.0,0.0,16.38,0.0,0.0, CHA
146,Drew Eubanks,49,12.1,.588,17.3,15.9,0.0,0.0,0.0,0.0,16.36,0.0,0.0, SA
147,Robin Lopez,25,17.8,.590,17.3,12.9,0.0,0.0,0.0,0.0,16.25,37.4,1.2, ORL
148,Derrick White,49,30.3,.551,27.4,8.7,0.0,0.0,0.0,0.0,16.23,0.0,0.0, SA
149,Alperen Sengun,47,18.7,.555,20.1,16.6,0.0,0.0,0.0,0.0,16.19,73.3,2.4, HOU
150,CJ McCollum,37,35.2,.526,17.6,7.5,0.0,2.9,0.0,6.7,16.16,0.0,0.0, POR/NO
151,Al Horford,47,28.4,.536,24.8,7.4,0.0,0.0,0.0,0.0,16.14,110.4,3.7, BOS
152,Dillon Brooks,21,28.0,.521,12.2,7.9,0.0,0.0,0.0,0.0,16.11,0.0,0.0, MEM
153,Mo Bamba,45,26.2,.563,11.6,11.0,0.0,0.0,0.0,0.0,16.10,96.8,3.2, ORL
154,Tyrese Maxey,47,35.8,.566,23.1,5.8,0.0,0.0,0.0,0.0,16.07,0.0,0.0, PHI
155,Bojan Bogdanovic,53,31.0,.599,9.3,8.9,0.0,0.0,0.0,0.0,16.06,0.0,0.0, UTAH
156,Kevon Looney,56,21.2,.579,20.6,11.9,0.0,0.0,0.0,0.0,15.97,91.7,3.1, GS
157,Hamidou Diallo,48,22.6,.544,10.1,8.0,0.0,0.0,0.0,0.0,15.96,0.0,0.0, DET
158,Moses Brown,26,6.5,.588,1.2,16.7,0.0,0.0,0.0,0.0,15.90,13.4,0.4, DAL
159,Javin DeLaurier,1,3.0,.000,0.0,0.0,0.0,0.0,0.0,0.0,15.86,0.2,0.0, MIL
160,Aaron Gordon,49,31.7,.602,15.7,10.5,0.0,0.0,0.0,0.0,15.84,0.0,0.0, DEN
161,Isaiah Todd,9,3.9,.477,5.3,5.3,0.0,0.0,0.0,0.0,15.82,0.0,0.0, WSH
162,Kelly Oubre Jr.,50,28.5,.564,6.9,5.9,0.0,0.0,0.0,0.0,15.80,0.0,0.0, CHA
163,Evan Mobley,47,34.2,.542,14.0,10.6,0.0,0.0,0.0,0.0,15.74,118.5,4.0, CLE
,David Nwaba,35,13.9,.549,12.7,8.0,0.0,0.0,0.0,0.0,15.74,0.0,0.0, HOU
165,Trevelin Queen,8,8.6,.610,7.4,17.4,0.0,0.0,0.0,0.0,15.68,5.0,0.2, HOU
166,Thomas Bryant,12,16.3,.567,9.4,8.4,0.0,0.0,0.0,0.0,15.66,14.8,0.5, WSH
167,Derrick Jones Jr.,31,17.2,.689,9.2,9.2,0.0,0.0,0.0,0.0,15.65,0.0,0.0, CHI
168,Jerami Grant,30,32.5,.532,11.3,9.1,0.0,0.0,0.0,0.0,15.64,0.0,0.0, DET
169,T.J. McConnell,24,24.2,.536,34.8,8.5,0.0,0.0,0.0,0.0,15.63,0.0,0.0, IND
170,OG Anunoby,39,37.1,.548,12.5,8.6,0.0,0.0,0.0,0.0,15.62,0.0,0.0, TOR
,Josh Hart,41,33.5,.604,23.9,11.5,0.0,0.0,0.0,0.0,15.62,0.0,0.0, NO
172,Caleb Martin,44,22.9,.599,10.7,8.2,0.0,0.0,0.0,0.0,15.59,0.0,0.0, MIA
173,Greg Brown III,25,6.9,.516,6.2,9.2,0.0,0.0,0.0,0.0,15.54,0.0,0.0, POR
174,Gordon Hayward,48,32.2,.571,18.6,8.6,0.0,0.0,0.0,0.0,15.52,0.0,0.0, CHA
,Kenyon Martin Jr.,52,19.6,.584,14.4,8.1,0.0,0.0,0.0,0.0,15.52,0.0,0.0, HOU
176,Zeke Nnaji,38,16.4,.659,5.7,8.3,0.0,0.0,0.0,0.0,15.48,0.0,0.0, DEN
177,Scottie Barnes,46,35.9,.542,18.3,10.1,0.0,0.0,0.0,0.0,15.44,0.0,0.0, TOR
178,Tristan Thompson,30,15.2,.521,8.0,12.9,0.0,0.0,0.0,0.0,15.41,32.7,1.1, SAC
179,Kyle Kuzma,51,33.0,.548,14.8,11.5,0.0,0.0,0.0,0.0,15.38,0.0,0.0, WSH
180,Xavier Tillman,39,13.1,.505,16.7,10.8,0.0,0.0,0.0,0.0,15.37,34.8,1.2, MEM
181,Cameron Johnson,52,26.0,.625,11.1,5.5,0.0,0.0,0.0,0.0,15.34,0.0,0.0, PHX
182,Enes Freedom,35,11.7,.585,5.8,14.6,0.0,0.0,0.0,0.0,15.31,28.9,1.0, BOS
183,Patrick Beverley,36,25.9,.523,34.2,7.6,0.0,0.0,0.0,0.0,15.30,0.0,0.0, MIN
,Markus Howard,22,6.1,.568,6.6,6.6,0.0,0.0,0.0,0.0,15.30,0.0,0.0, DEN
185,Serge Ibaka,35,15.4,.567,13.2,12.1,0.0,0.0,0.0,0.0,15.29,36.0,1.2, LAC
186,Jabari Parker,12,9.3,.632,10.7,14.3,0.0,0.0,0.0,0.0,15.27,0.0,0.0, BOS
187,Draymond Green,34,29.9,.581,42.6,18.1,0.0,0.0,0.0,0.0,15.24,0.0,0.0, GS
188,Russell Westbrook,55,34.6,.503,25.5,13.6,0.0,0.0,0.0,0.0,15.15,0.0,0.0, LAL
189,Jae'Sean Tate,53,27.5,.568,19.6,12.0,0.0,0.0,0.0,0.0,15.11,0.0,0.0, HOU
190,Carmelo Anthony,50,26.5,.583,7.7,6.5,0.0,0.0,0.0,0.0,15.10,0.0,0.0, LAL
191,Anfernee Simons,50,29.0,.573,18.8,9.6,0.0,0.0,0.0,0.0,15.08,0.0,0.0, POR
192,Terence Davis,30,17.9,.543,11.1,9.2,0.0,0.0,0.0,0.0,15.05,0.0,0.0, SAC
,Kelly Olynyk,18,20.6,.487,20.0,10.6,0.0,0.0,0.0,0.0,15.05,0.0,0.0, DET
194,Tyler Herro,45,32.9,.536,15.7,11.0,0.0,0.0,0.0,0.0,15.02,0.0,0.0, MIA
195,Olivier Sarr,2,7.0,.515,0.0,0.0,0.0,0.0,0.0,0.0,14.98,0.9,0.0, OKC
196,Jemerrio Jones,2,7.5,.667,0.0,0.0,0.0,0.0,0.0,0.0,14.97,0.9,0.0, LAL
197,Kyle Lowry,43,33.9,.566,35.9,13.3,0.0,0.0,0.0,0.0,14.86,0.0,0.0, MIA
,Cole Anthony,42,33.2,.516,23.4,10.6,0.0,0.0,0.0,0.0,14.86,0.0,0.0, ORL
,De'Anthony Melton,48,22.9,.493,19.3,10.0,0.0,0.0,0.0,0.0,14.86,0.0,0.0, MEM
200,Will Barton,47,32.6,.551,20.6,9.3,0.0,0.0,0.0,0.0,14.83,0.0,0.0, DEN
201,Justin Champagnie,30,8.4,.594,11.3,8.8,0.0,0.0,0.0,0.0,14.82,0.0,0.0, TOR
202,Khem Birch,28,18.7,.538,17.7,9.7,0.0,0.0,0.0,0.0,14.79,32.8,1.1, TOR
203,Paris Bass,2,3.5,.436,0.0,22.5,0.0,0.0,0.0,0.0,14.76,0.4,0.0, PHX
204,Larry Nance Jr.,37,23.2,.581,22.8,8.4,0.0,0.0,0.0,0.0,14.75,0.0,0.0, POR
,Lonzo Ball,35,34.6,.575,27.2,12.5,0.0,0.0,0.0,0.0,14.75,0.0,0.0, CHI
,Scottie Lewis,2,3.5,.568,53.2,0.0,0.0,0.0,0.0,0.0,14.75,0.0,0.0, CHA
207,Tony Bradley,41,11.6,.598,13.1,16.2,0.0,0.0,0.0,0.0,14.74,29.3,1.0, CHI
208,Jordan Poole,50,29.1,.582,17.2,11.6,0.0,0.0,0.0,0.0,14.73,0.0,0.0, GS
209,Marquese Chriss,23,11.1,.526,8.7,12.3,0.0,0.0,0.0,0.0,14.69,0.0,0.0, DAL
210,Franz Wagner,56,32.1,.553,15.8,8.7,0.0,0.0,0.0,0.0,14.68,0.0,0.0, ORL
211,Craig Sword,3,6.3,.750,16.7,16.7,0.0,0.0,0.0,0.0,14.67,1.1,0.0, WSH
212,Marvin Bagley III,30,21.9,.521,5.6,6.9,0.0,0.0,0.0,0.0,14.64,0.0,0.0, SAC
213,Trendon Watford,30,12.2,.607,17.2,12.8,0.0,0.0,0.0,0.0,14.63,0.0,0.0, POR
,Kyle Anderson,44,22.3,.499,22.2,8.8,0.0,0.0,0.0,0.0,14.63,0.0,0.0, MEM
215,Nicolas Batum,36,25.0,.642,16.9,8.2,0.0,0.0,0.0,0.0,14.56,0.0,0.0, LAC
216,Malik Monk,50,27.2,.602,17.1,9.4,0.0,0.0,0.0,0.0,14.52,0.0,0.0, LAL
217,Mason Plumlee,47,25.4,.589,29.4,13.3,0.0,0.0,0.0,0.0,14.50,66.0,2.2, CHA
218,JaMychal Green,41,14.7,.569,11.9,12.2,0.0,0.0,0.0,0.0,14.49,0.0,0.0, DEN
219,Goga Bitadze,32,11.2,.506,9.7,12.8,0.0,0.0,0.0,0.0,14.47,20.7,0.7, IND
220,Nemanja Bjelica,50,15.5,.552,21.3,13.3,0.0,0.0,0.0,0.0,14.44,0.0,0.0, GS
,Monte Morris,51,30.0,.564,26.0,6.3,0.0,0.0,0.0,0.0,14.44,0.0,0.0, DEN
222,Danilo Gallinari,43,23.2,.585,13.2,5.6,0.0,0.0,0.0,0.0,14.43,0.0,0.0, ATL
223,Alec Burks,55,26.7,.551,18.9,7.3,0.0,0.0,0.0,0.0,14.41,0.0,0.0, NY
224,Luka Garza,28,12.0,.527,8.6,9.8,0.0,0.0,0.0,0.0,14.38,18.9,0.6, DET
225,Jonathan Kuminga,44,13.8,.577,8.1,10.9,0.0,0.0,0.0,0.0,14.36,0.0,0.0, GS
226,Tre Jones,43,13.4,.554,32.4,7.7,0.0,0.0,0.0,0.0,14.35,0.0,0.0, SA
227,Ricky Rubio,34,28.5,.488,29.2,11.7,0.0,0.0,0.0,0.0,14.34,0.0,0.0, CLE
,Blake Griffin,44,18.8,.505,22.6,5.5,0.0,0.0,0.0,0.0,14.34,0.0,0.0, BKN
229,Udoka Azubuike,13,11.5,.659,0.0,20.9,0.0,0.0,0.0,0.0,14.26,8.1,0.3, UTAH
230,Lauri Markkanen,38,30.2,.557,10.2,5.6,0.0,0.0,0.0,0.0,14.24,0.0,0.0, CLE
231,Mikal Bridges,55,34.8,.619,15.9,5.8,0.0,0.0,0.0,0.0,14.22,0.0,0.0, PHX
232,Rudy Gay,35,20.0,.551,11.1,8.5,0.0,0.0,0.0,0.0,14.21,0.0,0.0, UTAH
233,Vlatko Cancar,14,10.9,.678,19.9,12.3,0.0,0.0,0.0,0.0,14.20,0.0,0.0, DEN
234,Malcolm Hill,14,12.6,.663,7.4,3.7,0.0,6.3,0.0,8.5,14.12,8.7,0.3, ATL/CHI
235,Keldon Johnson,51,31.1,.565,10.7,7.7,0.0,0.0,0.0,0.0,14.11,0.0,0.0, SA
236,P.J. Washington,39,24.6,.583,17.1,11.3,0.0,0.0,0.0,0.0,14.09,0.0,0.0, CHA
,Skylar Mays,21,9.4,.610,18.2,9.1,0.0,0.0,0.0,0.0,14.09,0.0,0.0, ATL
238,Jeremy Lamb,40,16.1,.526,15.7,7.0,0.0,2.5,0.0,8.6,14.06,0.0,0.0, IND/SAC
,Jordan Clarkson,52,26.6,.519,12.6,8.7,0.0,0.0,0.0,0.0,14.06,0.0,0.0, UTAH
240,Micah Potter,3,10.3,.505,0.0,7.8,0.0,0.0,0.0,0.0,14.03,1.5,0.0, DET
241,Dennis Schroder,49,29.2,.543,21.7,10.8,0.0,0.0,0.0,0.0,14.02,0.0,0.0, BOS
,McKinley Wright IV,3,3.0,.833,20.0,20.0,0.0,0.0,0.0,0.0,14.02,0.0,0.0, MIN
243,Bol Bol,14,5.8,.565,13.1,10.5,0.0,0.0,0.0,0.0,14.00,4.1,0.1, DEN
244,Udonis Haslem,9,6.3,.557,10.2,10.2,0.0,0.0,0.0,0.0,13.99,0.0,0.0, MIA
245,Lance Stephenson,26,17.1,.530,29.2,12.5,0.0,2.5,0.0,9.4,13.98,21.1,0.7, ATL/IND
,Alex Caruso,28,27.7,.563,30.5,11.2,0.0,0.0,0.0,0.0,13.98,0.0,0.0, CHI
247,Marcus Morris Sr.,32,30.0,.545,12.4,7.3,0.0,0.0,0.0,0.0,13.96,0.0,0.0, LAC
248,Rayjon Tucker,3,9.7,.798,51.5,0.0,0.0,0.0,0.0,0.0,13.94,0.0,0.0, DEN
,Nassir Little,42,25.9,.575,12.0,8.9,0.0,0.0,0.0,0.0,13.94,0.0,0.0, POR
250,Rui Hachimura,15,18.1,.544,12.3,7.2,0.0,0.0,0.0,0.0,13.87,0.0,0.0, WSH
251,Javonte Green,39,23.6,.617,15.3,7.0,0.0,0.0,0.0,0.0,13.85,0.0,0.0, CHI
252,Amir Coffey,44,21.9,.619,17.7,5.7,0.0,0.0,0.0,0.0,13.84,0.0,0.0, LAC
253,Kemba Walker,34,25.7,.526,22.5,8.7,0.0,0.0,0.0,0.0,13.83,0.0,0.0, NY
,Seth Curry,45,34.8,.603,21.9,10.2,0.0,0.0,0.0,0.0,13.83,0.0,0.0, PHI
255,Spencer Dinwiddie,44,30.2,.501,29.0,8.3,0.0,0.0,0.0,0.0,13.80,0.0,0.0, WSH
,Jericho Sims,17,6.5,.745,6.3,12.7,0.0,0.0,0.0,0.0,13.80,0.0,0.0, NY
257,Eric Gordon,45,29.5,.626,18.6,12.2,0.0,0.0,0.0,0.0,13.79,0.0,0.0, HOU
258,Daniel Oturu,3,9.0,.549,0.0,0.0,0.0,0.0,0.0,0.0,13.76,1.3,0.0, TOR
259,Pat Connaughton,54,27.0,.630,12.5,5.9,0.0,0.0,0.0,0.0,13.75,0.0,0.0, MIL
,Saben Lee,27,14.9,.490,28.0,10.9,0.0,0.0,0.0,0.0,13.75,0.0,0.0, DET
261,John Konchar,49,18.4,.615,25.3,7.5,0.0,0.0,0.0,0.0,13.73,0.0,0.0, MEM
262,Josh Green,41,13.8,.585,23.1,8.7,0.0,0.0,0.0,0.0,13.72,0.0,0.0, DAL
263,Dennis Smith Jr.,37,17.3,.474,33.0,12.7,0.0,0.0,0.0,0.0,13.64,0.0,0.0, POR
264,Lou Williams,37,14.6,.512,20.8,8.2,0.0,0.0,0.0,0.0,13.61,0.0,0.0, ATL
265,Isaiah Stewart,47,25.8,.546,11.4,13.1,0.0,0.0,0.0,0.0,13.59,50.4,1.7, DET
266,Nik Stauskas,2,12.0,.564,9.3,0.0,0.0,0.0,0.0,0.0,13.57,1.0,0.0, MIA
267,Tyler Cook,18,10.7,.645,5.0,11.7,0.0,0.0,0.0,0.0,13.52,0.0,0.0, CHI
,RJ Barrett,48,33.1,.513,11.8,8.9,0.0,0.0,0.0,0.0,13.52,0.0,0.0, NY
269,Alex Len,33,16.9,.573,15.7,15.7,0.0,0.0,0.0,0.0,13.42,23.4,0.8, SAC
270,Josh Christopher,47,16.6,.563,17.5,14.7,0.0,0.0,0.0,0.0,13.41,0.0,0.0, HOU
271,Josh Giddey,49,31.3,.474,28.0,13.9,0.0,0.0,0.0,0.0,13.40,0.0,0.0, OKC
272,Joe Wieskamp,14,6.3,.615,11.4,2.9,0.0,0.0,0.0,0.0,13.38,0.0,0.0, SA
273,Devin Vassell,47,25.4,.537,11.9,5.8,0.0,0.0,0.0,0.0,13.37,0.0,0.0, SA
274,Marcus Smart,47,33.0,.532,29.4,11.3,0.0,0.0,0.0,0.0,13.30,0.0,0.0, BOS
275,Eric Paschall,41,13.3,.619,9.5,10.3,0.0,0.0,0.0,0.0,13.28,0.0,0.0, UTAH
,Evan Fournier,54,29.1,.564,11.1,8.7,0.0,0.0,0.0,0.0,13.28,0.0,0.0, NY
277,Grayson Allen,47,28.1,.582,12.5,4.9,0.0,0.0,0.0,0.0,13.24,0.0,0.0, MIL
,Andre Iguodala,26,19.9,.491,42.9,10.0,0.0,0.0,0.0,0.0,13.24,0.0,0.0, GS
,Delon Wright,49,18.2,.554,35.9,9.5,0.0,0.0,0.0,0.0,13.24,0.0,0.0, ATL
280,Luke Kennard,47,28.1,.602,17.5,6.2,0.0,0.0,0.0,0.0,13.20,0.0,0.0, LAC
281,Saddiq Bey,55,33.5,.510,14.1,6.6,0.0,0.0,0.0,0.0,13.19,0.0,0.0, DET
282,Max Strus,44,24.2,.609,11.7,7.3,0.0,0.0,0.0,0.0,13.18,0.0,0.0, MIA
283,Derrick Favors,35,16.4,.516,12.1,3.5,0.0,0.0,0.0,0.0,13.17,20.4,0.7, OKC
284,Kenrich Williams,46,21.6,.520,21.5,9.9,0.0,0.0,0.0,0.0,13.16,0.0,0.0, OKC
,Cedi Osman,43,23.2,.547,15.3,6.9,0.0,0.0,0.0,0.0,13.16,0.0,0.0, CLE
286,Cam Reddish,40,21.7,.536,8.2,9.8,0.0,2.7,0.0,5.7,13.13,0.0,0.0, ATL/NY
287,Tim Hardaway Jr.,42,29.6,.520,13.1,4.8,0.0,0.0,0.0,0.0,13.12,0.0,0.0, DAL
288,Cameron Payne,40,20.4,.498,22.7,11.2,0.0,0.0,0.0,0.0,13.05,0.0,0.0, PHX
289,Chimezie Metu,39,22.5,.515,10.5,9.0,0.0,0.0,0.0,0.0,13.04,0.0,0.0, SAC
290,Herbert Jones,52,29.8,.585,18.1,10.5,0.0,0.0,0.0,0.0,13.03,0.0,0.0, NO
291,Chris Duarte,48,29.0,.538,13.5,10.0,0.0,0.0,0.0,0.0,13.02,0.0,0.0, IND
292,Justise Winslow,40,14.2,.492,20.4,14.5,0.0,6.3,0.0,14.5,12.99,0.0,0.0, LAC/POR
293,Eric Bledsoe,54,25.2,.514,26.1,13.5,0.0,0.0,0.0,0.0,12.96,0.0,0.0, LAC
,Bogdan Bogdanovic,36,28.5,.544,18.9,6.8,0.0,0.0,0.0,0.0,12.96,0.0,0.0, ATL
,Neemias Queta,10,5.6,.417,12.0,12.0,0.0,0.0,0.0,0.0,12.96,2.0,0.1, SAC
296,Paul Reed,21,8.8,.462,15.7,11.0,0.0,0.0,0.0,0.0,12.95,0.0,0.0, PHI
297,Bruno Fernando,20,2.9,.586,15.9,19.8,0.0,0.0,0.0,0.0,12.94,0.0,0.0, BOS
298,Jarrett Culver,26,9.1,.489,18.2,8.0,0.0,0.0,0.0,0.0,12.92,0.0,0.0, MEM
299,Jordan McLaughlin,37,12.2,.463,42.6,8.3,0.0,0.0,0.0,0.0,12.90,0.0,0.0, MIN
300,Patty Mills,54,30.9,.592,17.4,6.3,0.0,0.0,0.0,0.0,12.89,0.0,0.0, BKN
301,Cameron McGriff,3,15.3,.470,16.8,0.0,0.0,0.0,0.0,0.0,12.87,0.0,0.0, POR
302,Shake Milton,27,24.7,.516,19.7,8.1,0.0,0.0,0.0,0.0,12.83,0.0,0.0, PHI
303,DeAndre' Bembry,48,19.8,.609,18.8,9.4,0.0,0.0,0.0,0.0,12.80,0.0,0.0, BKN
304,Garrison Mathews,38,27.5,.626,9.3,5.7,0.0,0.0,0.0,0.0,12.79,0.0,0.0, HOU
305,Coby White,35,27.5,.562,17.1,8.0,0.0,0.0,0.0,0.0,12.73,0.0,0.0, CHI
306,Xavier Moon,6,13.8,.467,20.7,6.2,0.0,0.0,0.0,0.0,12.72,0.0,0.0, LAC
,Luguentz Dort,49,32.7,.542,9.2,9.2,0.0,0.0,0.0,0.0,12.72,0.0,0.0, OKC
308,Sandro Mamukelashvili,31,9.7,.550,14.1,8.8,0.0,0.0,0.0,0.0,12.69,0.0,0.0, MIL
,Jalen McDaniels,39,17.6,.592,14.8,10.3,0.0,0.0,0.0,0.0,12.69,0.0,0.0, CHA
310,Emmanuel Mudiay,2,5.5,.399,45.7,11.4,0.0,0.0,0.0,0.0,12.67,0.3,0.0, SAC
311,Cade Cunningham,41,32.0,.495,21.2,14.1,0.0,0.0,0.0,0.0,12.65,0.0,0.0, DET
312,Cheick Diallo,3,10.3,.517,0.0,8.6,0.0,0.0,0.0,0.0,12.64,0.9,0.0, DET
,Cody Martin,49,27.2,.554,24.4,8.4,0.0,0.0,0.0,0.0,12.64,0.0,0.0, CHA
314,Trey Burke,31,11.1,.507,18.7,8.6,0.0,0.0,0.0,0.0,12.61,0.0,0.0, DAL
315,Josh Richardson,44,24.7,.570,13.8,8.1,0.0,0.0,0.0,0.0,12.55,0.0,0.0, BOS
316,P.J. Tucker,49,28.3,.626,21.8,10.0,0.0,0.0,0.0,0.0,12.54,0.0,0.0, MIA
317,Maxi Kleber,39,25.1,.583,13.8,8.6,0.0,0.0,0.0,0.0,12.49,0.0,0.0, DAL
,Terance Mann,56,28.6,.563,19.2,7.9,0.0,0.0,0.0,0.0,12.49,0.0,0.0, LAC
319,BJ Johnson,4,16.3,.520,0.0,0.0,0.0,0.0,0.0,0.0,12.48,1.6,0.1, ORL
320,Reggie Jackson,53,30.5,.497,18.1,9.5,0.0,0.0,0.0,0.0,12.47,0.0,0.0, LAC
321,Devonte' Graham,51,31.3,.515,23.4,8.3,0.0,0.0,0.0,0.0,12.45,0.0,0.0, NO
322,Norvel Pelle,3,6.3,.600,0.0,28.6,0.0,0.0,0.0,0.0,12.43,0.0,0.0, UTAH
323,Jeff Green,50,24.6,.612,11.3,8.8,0.0,0.0,0.0,0.0,12.38,0.0,0.0, DEN
324,Usman Garuba,15,7.0,.382,22.3,8.4,0.0,0.0,0.0,0.0,12.37,0.0,0.0, HOU
325,Cam Thomas,44,18.7,.526,11.0,8.0,0.0,0.0,0.0,0.0,12.35,0.0,0.0, BKN
326,Cory Joseph,44,24.1,.580,31.3,11.5,0.0,0.0,0.0,0.0,12.34,0.0,0.0, DET
,Buddy Hield,55,28.6,.540,11.3,9.7,0.0,0.0,0.0,0.0,12.34,0.0,0.0, SAC
328,Brandon Goodwin,15,16.7,.466,31.2,10.8,0.0,0.0,0.0,0.0,12.26,0.0,0.0, CLE
329,Kevin Porter Jr.,38,30.1,.521,26.7,15.6,0.0,0.0,0.0,0.0,12.21,0.0,0.0, HOU
330,Ty Jerome,45,16.6,.496,21.4,7.4,0.0,0.0,0.0,0.0,12.15,0.0,0.0, OKC
331,Chuma Okeke,45,23.6,.498,14.5,7.5,0.0,0.0,0.0,0.0,12.13,0.0,0.0, ORL
332,Precious Achiuwa,45,23.6,.465,11.4,9.9,0.0,0.0,0.0,0.0,12.12,0.0,0.0, TOR
333,Nerlens Noel,25,22.5,.581,19.8,17.2,0.0,0.0,0.0,0.0,12.09,12.5,0.4, NY
334,Davon Reed,28,14.3,.602,21.6,6.0,0.0,0.0,0.0,0.0,12.05,0.0,0.0, DEN
335,Gabe Vincent,47,24.0,.567,25.4,12.0,0.0,0.0,0.0,0.0,12.01,0.0,0.0, MIA
336,Facundo Campazzo,51,20.1,.525,35.6,11.2,0.0,0.0,0.0,0.0,12.00,0.0,0.0, DEN
337,Mamadi Diakite,13,14.5,.540,3.3,11.5,0.0,0.0,0.0,0.0,11.98,0.0,0.0, OKC
338,Grant Williams,51,22.8,.657,14.9,10.4,0.0,0.0,0.0,0.0,11.97,0.0,0.0, BOS
339,Keita Bates-Diop,42,16.7,.561,9.7,11.3,0.0,0.0,0.0,0.0,11.95,0.0,0.0, SA
340,Gabriel Deck,7,8.0,.643,23.8,9.5,0.0,0.0,0.0,0.0,11.94,0.0,0.0, OKC
341,Chris Silva,10,9.1,.641,19.8,22.7,0.0,16.2,0.0,22.3,11.92,0.0,0.0, MIN/MIA
342,Deni Avdija,54,22.9,.544,17.4,9.2,0.0,0.0,0.0,0.0,11.89,0.0,0.0, WSH
,Bryn Forbes,51,17.7,.557,10.6,7.5,0.0,0.7,0.0,4.5,11.89,0.0,0.0, SA/DEN
,Darius Bazley,49,26.7,.493,9.7,11.2,0.0,0.0,0.0,0.0,11.89,0.0,0.0, OKC
345,Brook Lopez,1,28.0,.444,0.0,0.0,0.0,0.0,0.0,0.0,11.88,0.5,0.0, MIL
346,Juan Toscano-Anderson,54,14.9,.562,26.5,15.2,0.0,0.0,0.0,0.0,11.82,0.0,0.0, GS
347,Aaron Holiday,41,16.2,.547,22.5,11.3,0.0,0.0,0.0,0.0,11.81,0.0,0.0, WSH
,Dorian Finney-Smith,55,32.6,.559,16.1,9.0,0.0,0.0,0.0,0.0,11.81,0.0,0.0, DAL
349,Doug McDermott,39,24.4,.589,10.4,6.5,0.0,0.0,0.0,0.0,11.77,0.0,0.0, SA
350,Bruce Brown,46,20.4,.522,15.8,8.9,0.0,0.0,0.0,0.0,11.76,0.0,0.0, BKN
351,Kevin Huerter,47,29.1,.571,19.8,9.4,0.0,0.0,0.0,0.0,11.74,0.0,0.0, ATL
352,Taurean Prince,44,15.6,.596,13.6,10.8,0.0,0.0,0.0,0.0,11.72,0.0,0.0, MIN
353,Immanuel Quickley,52,21.6,.511,22.1,9.3,0.0,0.0,0.0,0.0,11.71,0.0,0.0, NY
354,Aaron Wiggins,31,21.9,.585,12.9,10.6,0.0,0.0,0.0,0.0,11.58,0.0,0.0, OKC
355,Collin Sexton,11,28.7,.523,10.4,14.0,0.0,0.0,0.0,0.0,11.56,0.0,0.0, CLE
356,Lonnie Walker IV,50,22.7,.489,16.0,7.3,0.0,0.0,0.0,0.0,11.53,0.0,0.0, SA
357,Dakota Mathias,6,2.7,.500,14.3,0.0,0.0,0.0,0.0,0.0,11.51,0.2,0.0, MEM
,Paul Millsap,24,11.3,.443,18.8,8.6,0.0,0.0,0.0,0.0,11.51,0.0,0.0, BKN
359,CJ Elleby,32,13.8,.508,18.7,8.3,0.0,0.0,0.0,0.0,11.43,0.0,0.0, POR
,Tacko Fall,11,5.4,.398,10.0,14.9,0.0,0.0,0.0,0.0,11.43,0.7,0.0, CLE
361,David Duke Jr.,16,17.7,.454,12.1,6.4,0.0,0.0,0.0,0.0,11.42,0.0,0.0, BKN
362,Damion Lee,45,20.4,.577,10.6,7.7,0.0,0.0,0.0,0.0,11.41,0.0,0.0, GS
363,Quinndary Weatherspoon,5,6.6,.643,12.6,18.9,0.0,0.0,0.0,0.0,11.40,0.0,0.0, GS
364,James Bouknight,25,10.0,.481,12.3,6.5,0.0,0.0,0.0,0.0,11.35,0.0,0.0, CHA
365,Royce O'Neale,51,31.4,.632,26.8,9.4,0.0,0.0,0.0,0.0,11.34,0.0,0.0, UTAH
366,Frank Jackson,42,22.9,.543,7.9,6.4,0.0,0.0,0.0,0.0,11.32,0.0,0.0, DET
367,Oshae Brissett,43,19.1,.511,9.3,9.3,0.0,0.0,0.0,0.0,11.31,0.0,0.0, IND
368,Ben McLemore,39,18.3,.560,8.4,7.1,0.0,0.0,0.0,0.0,11.26,0.0,0.0, POR
369,Kyle Guy,15,11.7,.567,18.2,12.8,0.0,0.0,0.0,0.0,11.25,0.0,0.0, MIA
370,Trent Forrest,43,12.0,.609,30.1,16.5,0.0,0.0,0.0,0.0,11.24,0.0,0.0, UTAH
,Gary Harris,48,29.5,.574,14.4,7.9,0.0,0.0,0.0,0.0,11.24,0.0,0.0, ORL
,Taj Gibson,36,18.0,.603,15.0,13.8,0.0,0.0,0.0,0.0,11.24,4.2,0.1, NY
373,Georges Niang,50,23.1,.585,14.5,8.2,0.0,0.0,0.0,0.0,11.22,0.0,0.0, PHI
374,Furkan Korkmaz,47,24.0,.505,19.6,6.7,0.0,0.0,0.0,0.0,11.20,0.0,0.0, PHI
375,Payton Pritchard,45,12.2,.516,23.8,9.2,0.0,0.0,0.0,0.0,11.19,0.0,0.0, BOS
376,Torrey Craig,51,20.3,.555,14.7,9.9,0.0,0.0,0.0,0.0,11.17,0.0,0.0, IND
377,Ayo Dosunmu,50,24.7,.604,26.5,11.2,0.0,0.0,0.0,0.0,11.15,0.0,0.0, CHI
378,Malik Beasley,55,25.8,.517,10.6,4.8,0.0,0.0,0.0,0.0,11.14,0.0,0.0, MIN
379,Cassius Winston,3,5.7,.595,36.8,9.2,0.0,0.0,0.0,0.0,11.12,0.0,0.0, WSH
380,Bones Hyland,42,17.7,.509,16.8,10.0,0.0,0.0,0.0,0.0,11.11,0.0,0.0, DEN
,James Johnson,40,19.1,.517,23.7,8.6,0.0,0.0,0.0,0.0,11.11,0.0,0.0, BKN
,George Hill,41,25.5,.564,25.8,8.9,0.0,0.0,0.0,0.0,11.11,0.0,0.0, MIL
383,Jeremiah Robinson-Earl,44,23.0,.506,11.3,9.0,0.0,0.0,0.0,0.0,11.08,0.0,0.0, OKC
,Daniel Theis,26,22.5,.554,8.1,12.5,0.0,0.0,0.0,0.0,11.08,4.1,0.1, HOU
385,Quentin Grimes,36,16.3,.570,14.0,9.3,0.0,0.0,0.0,0.0,11.06,0.0,0.0, NY
386,Matisse Thybulle,39,26.5,.594,17.0,9.7,0.0,0.0,0.0,0.0,11.01,0.0,0.0, PHI
387,Haywood Highsmith,4,10.5,.750,0.0,0.0,0.0,0.0,0.0,0.0,11.00,0.1,0.0, MIA
,Lamar Stevens,39,14.8,.532,10.5,9.2,0.0,0.0,0.0,0.0,11.00,0.0,0.0, CLE
389,Nickeil Alexander-Walker,50,26.3,.474,15.5,9.5,0.0,0.0,0.0,0.0,10.99,0.0,0.0, NO
390,Terrence Ross,47,24.5,.528,14.8,10.1,0.0,0.0,0.0,0.0,10.98,0.0,0.0, ORL
391,Kentavious Caldwell-Pope,51,29.3,.530,12.6,8.8,0.0,0.0,0.0,0.0,10.95,0.0,0.0, WSH
392,Raul Neto,45,19.7,.518,23.6,11.4,0.0,0.0,0.0,0.0,10.92,0.0,0.0, WSH
393,KZ Okpala,21,11.6,.521,15.1,5.4,0.0,0.0,0.0,0.0,10.78,0.0,0.0, MIA
394,Rodney McGruder,30,13.6,.568,15.6,8.4,0.0,0.0,0.0,0.0,10.74,0.0,0.0, DET
,Jordan Nwora,43,19.1,.503,10.3,9.8,0.0,0.0,0.0,0.0,10.74,0.0,0.0, MIL
396,Davion Mitchell,51,26.1,.479,22.5,7.5,0.0,0.0,0.0,0.0,10.72,0.0,0.0, SAC
,Elijah Hughes,14,8.0,.576,11.9,13.9,0.0,0.0,0.0,0.0,10.72,0.0,0.0, UTAH
398,Gary Clark,23,11.3,.512,10.7,6.7,0.0,0.0,0.0,0.0,10.69,0.0,0.0, NO
399,De'Andre Hunter,26,28.7,.551,8.7,10.0,0.0,0.0,0.0,0.0,10.68,0.0,0.0, ATL
400,Corey Kispert,49,18.8,.543,12.2,6.1,0.0,0.0,0.0,0.0,10.67,0.0,0.0, WSH
401,Markieff Morris,10,18.7,.533,14.3,12.2,0.0,0.0,0.0,0.0,10.63,0.0,0.0, MIA
402,Duncan Robinson,53,27.4,.557,11.8,6.9,0.0,0.0,0.0,0.0,10.58,0.0,0.0, MIA
403,Troy Brown Jr.,44,17.8,.535,19.2,7.4,0.0,0.0,0.0,0.0,10.52,0.0,0.0, CHI
404,Danuel House Jr.,24,15.4,.525,16.6,12.2,0.0,1.9,0.0,10.0,10.49,0.0,0.0, HOU/NY/UTAH
,Stanley Johnson,22,22.4,.580,16.7,7.8,0.0,0.0,0.0,0.0,10.49,0.0,0.0, LAL
406,Robert Covington,51,29.3,.525,13.6,12.2,0.0,3.2,0.0,10.5,10.48,0.0,0.0, POR/LAC
,Svi Mykhailiuk,42,15.5,.520,13.9,9.8,0.0,0.0,0.0,0.0,10.48,0.0,0.0, TOR
408,Danny Green,36,23.4,.583,12.9,12.2,0.0,0.0,0.0,0.0,10.46,0.0,0.0, PHI
,Jared Butler,26,7.9,.509,20.4,15.5,0.0,0.0,0.0,0.0,10.46,0.0,0.0, UTAH
410,Marko Simonovic,9,3.9,.428,0.0,9.2,0.0,0.0,0.0,0.0,10.43,-0.1,-0.0, CHI
,Isaac Okoro,40,28.7,.567,16.6,9.4,0.0,0.0,0.0,0.0,10.43,0.0,0.0, CLE
,Justin Holiday,50,28.9,.561,14.8,8.5,0.0,1.4,0.0,5.2,10.43,0.0,0.0, IND/SAC
413,Hassani Gravett,8,21.4,.629,29.1,13.1,0.0,0.0,0.0,0.0,10.39,0.0,0.0, ORL
414,Jae Crowder,45,28.4,.533,14.1,8.1,0.0,0.0,0.0,0.0,10.38,0.0,0.0, PHX
,Malachi Flynn,32,9.1,.462,22.2,6.7,0.0,0.0,0.0,0.0,10.38,0.0,0.0, TOR
416,Jalen Johnson,13,4.5,.578,3.9,11.7,0.0,0.0,0.0,0.0,10.34,0.0,0.0, ATL
417,Josh Jackson,39,18.1,.501,13.5,10.5,0.0,0.0,0.0,0.0,10.29,0.0,0.0, DET
418,Matt Thomas,32,13.0,.568,12.4,3.9,0.0,0.0,0.0,0.0,10.24,0.0,0.0, CHI
419,Joe Ingles,45,24.9,.551,31.7,9.2,0.0,0.0,0.0,0.0,10.23,0.0,0.0, UTAH
420,Landry Shamet,45,19.8,.529,17.4,5.9,0.0,0.0,0.0,0.0,10.20,0.0,0.0, PHX
421,Kira Lewis Jr.,24,14.2,.466,21.7,11.5,0.0,0.0,0.0,0.0,10.19,0.0,0.0, NO
422,Dean Wade,40,19.1,.579,18.9,6.7,0.0,0.0,0.0,0.0,10.15,0.0,0.0, CLE
423,D.J. Augustin,34,15.0,.596,27.2,16.6,0.0,0.0,0.0,0.0,10.12,0.0,0.0, HOU
424,Kelan Martin,27,16.4,.492,10.1,6.7,0.0,0.0,0.0,0.0,10.11,0.0,0.0, IND
425,Devon Dotson,11,7.7,.538,31.9,10.6,0.0,0.0,0.0,0.0,10.10,0.0,0.0, CHI
426,Duane Washington Jr.,24,21.0,.495,15.8,8.1,0.0,0.0,0.0,0.0,10.07,0.0,0.0, IND
427,Brandon Boston Jr.,39,15.5,.462,10.0,7.6,0.0,0.0,0.0,0.0,10.06,0.0,0.0, LAC
428,Petr Cornelie,13,2.9,.418,12.6,16.8,0.0,0.0,0.0,0.0,10.01,-0.7,-0.0, DEN
429,Reggie Bullock,48,25.0,.567,12.1,6.0,0.0,0.0,0.0,0.0,9.99,0.0,0.0, DAL
430,Talen Horton-Tucker,40,25.7,.494,19.3,11.1,0.0,0.0,0.0,0.0,9.97,0.0,0.0, LAL
,Dalano Banton,44,11.9,.470,25.3,16.0,0.0,0.0,0.0,0.0,9.97,0.0,0.0, TOR
,Joe Harris,14,30.2,.624,8.9,10.2,0.0,0.0,0.0,0.0,9.97,0.0,0.0, BKN
433,Ish Smith,37,13.8,.434,29.9,11.0,0.0,0.0,0.0,0.0,9.94,0.0,0.0, CHA
434,Frank Ntilikina,45,12.8,.504,19.4,9.2,0.0,0.0,0.0,0.0,9.87,0.0,0.0, DAL
435,Aleksej Pokusevski,38,15.8,.449,14.4,14.4,0.0,0.0,0.0,0.0,9.83,0.0,0.0, OKC
436,Naji Marshall,30,9.7,.463,15.0,13.7,0.0,0.0,0.0,0.0,9.82,0.0,0.0, NO
,Alize Johnson,19,7.3,.492,15.5,21.4,0.0,16.9,0.0,19.1,9.82,0.0,0.0, CHI/WSH
438,Austin Reaves,37,21.1,.610,18.7,8.1,0.0,0.0,0.0,0.0,9.79,0.0,0.0, LAL
439,Thanasis Antetokounmpo,34,10.4,.507,14.0,14.8,0.0,0.0,0.0,0.0,9.78,0.0,0.0, MIL
440,Yuta Watanabe,24,15.0,.511,10.2,10.9,0.0,0.0,0.0,0.0,9.74,0.0,0.0, TOR
441,Dylan Windler,37,9.3,.581,21.0,10.9,0.0,0.0,0.0,0.0,9.73,0.0,0.0, CLE
442,Juwan Morgan,1,27.0,.833,25.0,0.0,0.0,0.0,0.0,0.0,9.72,0.0,0.0, TOR
,Keon Johnson,15,9.0,.440,16.2,8.7,0.0,0.0,0.0,0.0,9.72,0.0,0.0, LAC
444,Freddie Gillespie,9,13.2,.419,14.3,14.3,0.0,0.0,0.0,0.0,9.65,0.0,0.0, ORL
445,Kevin Knox II,19,8.1,.488,8.3,9.7,0.0,5.6,0.0,10.2,9.64,0.0,0.0, NY/ATL
446,Jay Scrubb,18,6.7,.486,12.2,10.7,0.0,0.0,0.0,0.0,9.63,0.0,0.0, LAC
447,R.J. Hampton,42,19.4,.478,21.6,11.8,0.0,0.0,0.0,0.0,9.57,0.0,0.0, ORL
,Romeo Langford,44,16.5,.520,8.1,6.8,0.0,0.0,0.0,0.0,9.57,0.0,0.0, BOS
449,Sterling Brown,36,14.3,.523,15.9,11.5,0.0,0.0,0.0,0.0,9.55,0.0,0.0, DAL
450,Patrick Williams,5,25.0,.666,10.1,6.7,0.0,0.0,0.0,0.0,9.50,0.0,0.0, CHI
451,Braxton Key,2,3.0,.500,20.0,40.0,0.0,0.0,0.0,0.0,9.48,-0.1,-0.0, PHI
452,Trey Murphy III,40,12.9,.499,10.4,6.2,0.0,0.0,0.0,0.0,9.44,0.0,0.0, NO
,Jalen Green,40,30.3,.507,12.6,12.2,0.0,0.0,0.0,0.0,9.44,0.0,0.0, HOU
454,Jaden McDaniels,52,26.0,.524,11.4,10.1,0.0,0.0,0.0,0.0,9.41,0.0,0.0, MIN
455,Killian Tillie,32,13.3,.481,13.3,7.3,0.0,0.0,0.0,0.0,9.19,0.0,0.0, MEM
456,Mac McClung,1,3.0,1.000,0.0,50.0,0.0,0.0,0.0,0.0,9.15,0.0,0.0, CHI
457,Garrett Temple,51,19.5,.496,17.4,9.7,0.0,0.0,0.0,0.0,9.11,0.0,0.0, NO
458,Rajon Rondo,29,17.8,.444,37.1,16.9,0.0,2.8,0.0,8.7,9.06,0.0,0.0, LAL/CLE
459,Wayne Ellington,34,19.3,.580,10.7,6.7,0.0,0.0,0.0,0.0,9.04,0.0,0.0, LAL
460,P.J. Dozier,18,18.9,.463,19.8,8.9,0.0,0.0,0.0,0.0,9.03,0.0,0.0, DEN
461,Jalen Suggs,35,28.0,.463,20.3,15.3,0.0,0.0,0.0,0.0,8.89,0.0,0.0, ORL
462,Timothe Luwawu-Cabarrot,34,13.0,.542,15.1,7.6,0.0,0.0,0.0,0.0,8.85,0.0,0.0, ATL
463,RJ Nembhard Jr.,7,6.3,.463,41.9,8.4,0.0,0.0,0.0,0.0,8.78,0.0,0.0, CLE
464,Armoni Brooks,41,16.8,.490,14.8,6.9,0.0,0.0,0.0,0.0,8.77,0.0,0.0, HOU
,Davis Bertans,34,14.7,.527,7.5,6.5,0.0,0.0,0.0,0.0,8.77,0.0,0.0, WSH
466,Tre Mann,41,19.3,.483,9.7,8.7,0.0,0.0,0.0,0.0,8.74,0.0,0.0, OKC
467,DaQuan Jeffries,3,3.0,.500,33.3,0.0,0.0,0.0,0.0,0.0,8.72,0.0,0.0, MEM
468,Santi Aldama,27,10.3,.425,10.9,7.0,0.0,0.0,0.0,0.0,8.69,0.0,0.0, MEM
,Ziaire Williams,37,21.5,.540,11.3,6.8,0.0,0.0,0.0,0.0,8.69,0.0,0.0, MEM
470,Jarron Cumberland,3,4.0,.500,33.3,0.0,0.0,0.0,0.0,0.0,8.64,0.0,0.0, POR
,Wenyen Gabriel,7,6.9,.474,10.1,15.2,0.0,11.5,0.0,16.8,8.64,0.0,0.0, BKN/LAC
472,Willie Cauley-Stein,18,9.8,.474,17.3,13.5,0.0,0.0,0.0,0.0,8.60,-5.3,-0.2, DAL
473,Louis King,10,10.4,.438,14.9,0.0,0.0,0.0,0.0,0.0,8.51,0.0,0.0, SAC
474,JT Thor,15,8.5,.467,16.2,10.1,0.0,0.0,0.0,0.0,8.47,0.0,0.0, CHA
475,Justin Anderson,6,12.8,.476,26.4,8.8,0.0,2.9,0.0,7.1,8.45,-2.7,-0.1, CLE/IND
476,Elfrid Payton,35,11.6,.411,28.6,14.5,0.0,0.0,0.0,0.0,8.41,0.0,0.0, PHX
477,Admiral Schofield,20,11.8,.594,18.0,13.2,0.0,0.0,0.0,0.0,8.40,0.0,0.0, ORL
478,Killian Hayes,43,24.8,.454,31.4,13.7,0.0,0.0,0.0,0.0,8.38,0.0,0.0, DET
479,Cassius Stanley,9,17.2,.516,6.6,9.9,0.0,0.0,0.0,0.0,8.36,0.0,0.0, DET
480,Donte DiVincenzo,17,20.1,.470,15.5,15.0,0.0,0.0,0.0,0.0,8.34,0.0,0.0, MIL
481,Moses Moody,33,9.4,.507,9.0,5.7,0.0,0.0,0.0,0.0,8.30,0.0,0.0, GS
482,Kessler Edwards,24,25.4,.517,7.9,13.4,0.0,0.0,0.0,0.0,8.29,0.0,0.0, BKN
483,Theo Pinson,16,7.5,.415,26.7,4.1,0.0,0.0,0.0,0.0,8.28,0.0,0.0, DAL
484,Denzel Valentine,24,9.3,.523,12.4,13.5,0.0,4.5,0.0,10.2,8.27,0.0,0.0, CLE/UTAH
485,Jahmi'us Ramsey,19,7.1,.468,9.2,6.6,0.0,0.0,0.0,0.0,8.24,0.0,0.0, SAC
,Trevor Ariza,18,19.4,.518,22.0,7.7,0.0,0.0,0.0,0.0,8.24,0.0,0.0, LAL
487,Ignas Brazdeikis,25,9.1,.465,18.4,7.7,0.0,0.0,0.0,0.0,8.22,0.0,0.0, ORL
488,Justin Jackson,7,5.1,.472,10.6,5.3,0.0,2.9,0.0,10.1,8.10,0.0,0.0, BOS/PHX
489,Ed Davis,18,7.7,.599,11.8,19.6,0.0,0.0,0.0,0.0,8.04,-5.7,-0.2, CLE
490,Sam Merrill,6,9.7,.485,12.6,6.3,0.0,0.0,0.0,0.0,7.97,0.0,0.0, MEM
491,Reggie Perry,3,17.0,.597,14.4,7.2,0.0,4.2,0.0,8.6,7.96,0.0,0.0, POR/IND
492,Michael Porter Jr.,9,29.4,.416,12.5,8.8,0.0,0.0,0.0,0.0,7.88,0.0,0.0, DEN
493,Brad Wanamaker,23,13.9,.472,33.1,13.9,0.0,2.1,0.0,6.7,7.86,0.0,0.0, IND/WSH
494,Isaiah Joe,38,12.9,.520,14.9,6.9,0.0,0.0,0.0,0.0,7.82,0.0,0.0, PHI
495,Avery Bradley,48,23.7,.530,10.7,8.9,0.0,0.0,0.0,0.0,7.77,0.0,0.0, LAL
496,Maurice Harkless,38,19.4,.543,10.0,12.3,0.0,0.0,0.0,0.0,7.75,0.0,0.0, SAC
497,Isaac Bonga,13,5.1,.352,14.5,9.7,0.0,0.0,0.0,0.0,7.71,0.0,0.0, TOR
498,Joshua Primo,26,15.4,.473,18.8,14.1,0.0,0.0,0.0,0.0,7.69,0.0,0.0, SA
499,Jeff Dowtin,5,6.2,.429,27.3,9.1,0.0,3.6,0.0,12.2,7.59,0.0,0.0, GS/MIL
500,Wesley Matthews,28,19.2,.548,11.8,6.2,0.0,0.0,0.0,0.0,7.58,0.0,0.0, MIL
501,Austin Rivers,40,21.1,.537,14.1,10.5,0.0,0.0,0.0,0.0,7.47,0.0,0.0, DEN
502,Wes Iwundu,3,27.3,.557,0.0,4.8,0.0,0.0,0.0,0.0,7.34,0.0,0.0, ATL
503,Tyler Johnson,6,15.2,.425,24.1,6.9,0.0,3.5,0.0,7.1,7.33,0.0,0.0, PHI/SA
504,Josh Okogie,33,12.4,.466,14.3,13.5,0.0,0.0,0.0,0.0,7.29,0.0,0.0, MIN
505,Jevon Carter,42,11.9,.469,18.6,9.3,0.0,0.0,0.0,0.0,7.27,0.0,0.0, BKN
506,Ish Wainright,28,7.5,.442,12.3,12.3,0.0,0.0,0.0,0.0,7.25,0.0,0.0, PHX
507,Rodney Hood,39,14.9,.470,17.2,4.0,0.0,0.0,0.0,0.0,6.99,0.0,0.0, MIL
508,Kent Bazemore,31,14.7,.451,17.5,6.0,0.0,0.0,0.0,0.0,6.86,0.0,0.0, LAL
509,Jake Layman,23,7.3,.438,10.5,10.5,0.0,0.0,0.0,0.0,6.79,0.0,0.0, MIN
510,Kai Jones,16,2.9,.651,20.2,25.3,0.0,0.0,0.0,0.0,6.78,0.0,0.0, CHA
511,Tomas Satoransky,32,15.0,.373,35.0,10.6,0.0,0.0,0.0,0.0,6.74,0.0,0.0, NO
512,Kevin Pangos,24,6.9,.408,35.4,8.3,0.0,0.0,0.0,0.0,6.69,-10.2,-0.3, CLE
513,Sam Hauser,10,4.1,.429,6.7,0.0,0.0,0.0,0.0,0.0,6.68,0.0,0.0, BOS
514,Chaundee Brown Jr.,5,20.8,.447,10.1,2.5,0.0,1.1,0.0,8.4,6.67,0.0,0.0, LAL/ATL
515,Damyean Dotson,2,10.5,.500,20.0,0.0,0.0,0.0,0.0,0.0,6.64,0.0,0.0, NY
516,Luke Kornet,3,6.0,.273,12.0,0.0,0.0,18.5,0.0,11.9,6.57,-1.1,-0.0, CLE/MIL
517,Keifer Sykes,18,19.6,.464,20.2,12.8,0.0,0.0,0.0,0.0,6.31,0.0,0.0, IND
518,Derrick Walton Jr.,3,36.0,.342,35.1,18.4,0.0,0.0,0.0,0.0,6.14,-7.5,-0.3, DET
519,Georgios Kalaitzakis,9,5.3,.535,0.0,21.1,0.0,0.0,0.0,0.0,6.13,0.0,0.0, MIL
520,Miles McBride,21,7.2,.318,26.8,3.5,0.0,0.0,0.0,0.0,6.01,0.0,0.0, NY
521,Theo Maledon,28,13.8,.444,17.7,13.1,0.0,0.0,0.0,0.0,5.98,0.0,0.0, OKC
,Charlie Brown Jr.,17,9.8,.329,10.1,10.1,0.0,9.5,0.0,10.3,5.98,0.0,0.0, DAL/PHI
523,Jaylen Hoard,1,2.0,.000,0.0,0.0,0.0,0.0,0.0,0.0,5.96,0.0,0.0, OKC
524,Paul Watson,9,17.3,.432,16.7,8.4,0.0,0.0,0.0,0.0,5.93,0.0,0.0, OKC
525,Alfonzo McKinnie,17,12.1,.457,6.5,9.1,0.0,0.0,0.0,0.0,5.81,0.0,0.0, CHI
526,Juancho Hernangomez,23,6.3,.336,11.4,15.2,0.0,9.4,0.0,14.4,5.77,0.0,0.0, BOS/SA
527,Tremont Waters,3,16.7,.357,28.0,16.0,0.0,0.0,0.0,4.3,5.70,0.0,0.0, TOR/WSH
528,Tony Snell,38,14.4,.503,15.5,8.5,0.0,0.0,0.0,0.0,5.40,0.0,0.0, POR
529,Chris Chiozza,26,10.7,.420,35.0,16.4,0.0,0.0,0.0,0.0,5.28,0.0,0.0, GS
530,Semi Ojeleye,20,15.4,.376,5.8,5.8,0.0,0.0,0.0,0.0,5.18,0.0,0.0, MIL
531,Abdel Nader,14,10.4,.431,12.2,19.2,0.0,0.0,0.0,0.0,5.11,0.0,0.0, PHX
532,Aaron Nesmith,39,10.2,.445,7.1,12.4,0.0,0.0,0.0,0.0,4.89,0.0,0.0, BOS
533,Marcus Garrett,12,10.7,.280,21.7,6.2,0.0,0.0,0.0,0.0,4.80,0.0,0.0, MIA
,Shaquille Harrison,2,11.5,.333,27.3,18.2,0.0,0.0,0.0,0.0,4.80,0.0,0.0, BKN
535,Wayne Selden,3,6.3,.434,14.8,0.0,0.0,0.0,0.0,0.0,4.53,-1.8,-0.1, NY
,Isaiah Thomas,5,22.8,.415,15.0,7.5,0.0,0.9,0.0,3.7,4.53,-10.7,-0.4, LAL/DAL
537,Yves Pons,7,3.1,.387,0.0,0.0,0.0,0.0,0.0,0.0,4.13,0.0,0.0, MEM
538,Keljin Blevins,12,6.1,.503,11.8,17.7,0.0,0.0,0.0,0.0,4.06,0.0,0.0, POR
,Tim Frazier,10,20.0,.394,35.5,14.0,0.0,0.0,0.0,0.0,4.06,0.0,0.0, ORL
540,Justin Robinson,25,12.2,.404,22.0,11.7,0.0,1.0,0.0,3.5,3.89,-31.4,-1.0, MIL/SAC/DET
541,Leandro Bolmaro,25,7.5,.389,18.7,20.4,0.0,0.0,0.0,0.0,3.68,0.0,0.0, MIN
542,Joel Ayayi,7,2.9,.167,40.0,0.0,0.0,0.0,0.0,0.0,3.64,0.0,0.0, WSH
543,Solomon Hill,13,10.7,.200,36.4,3.0,0.0,0.0,0.0,0.0,3.37,0.0,0.0, ATL
544,Javonte Smart,13,12.3,.340,20.4,13.1,0.0,0.0,0.0,0.0,2.66,-19.4,-0.6, MIL
545,Mychal Mulder,15,13.0,.405,3.8,10.1,0.0,0.0,0.0,0.0,2.35,0.0,0.0, ORL
546,Robert Woodard II,12,3.5,.207,14.4,4.8,0.0,0.0,0.0,0.0,2.26,0.0,0.0, SAC
547,Jon Teske,3,2.7,.000,34.7,0.0,0.0,0.0,0.0,0.0,1.57,-1.1,-0.0, MEM
548,Chandler Hutchison,6,3.7,.694,22.5,45.0,0.0,0.0,0.0,0.0,1.17,0.0,0.0, PHX
549,Langston Galloway,7,15.3,.269,27.3,13.6,0.0,3.1,0.0,9.0,0.84,0.0,0.0, BKN/MIL
550,Shaq Buchanan,2,5.0,.250,25.0,25.0,0.0,0.0,0.0,0.0,0.83,0.0,0.0, MEM
551,Aleem Ford,5,14.8,.350,7.7,15.4,0.0,0.0,0.0,0.0,0.62,-11.2,-0.4, ORL
,Jay Huff,4,5.0,.000,20.0,20.0,0.0,0.0,0.0,0.0,0.62,-3.0,-0.1, LAL
553,Miye Oni,16,2.8,.265,32.4,6.5,0.0,0.0,0.0,0.0,0.49,0.0,0.0, UTAH
554,Myles Powell,11,4.7,.364,12.6,12.6,0.0,0.0,0.0,0.0,0.44,-8.0,-0.3, PHI
555,Scotty Hopson,1,18.0,.500,14.3,28.6,0.0,0.0,0.0,0.0,0.29,-2.8,-0.1, OKC
556,Deividas Sirvydis,3,9.0,.150,9.1,0.0,0.0,0.0,0.0,0.0,0.22,0.0,0.0, DET
557,Sam Dekker,1,1.0,.000,0.0,0.0,0.0,0.0,0.0,0.0,0.00,-0.2,-0.0, TOR
,Tyler Hall,1,2.0,.000,0.0,0.0,0.0,0.0,0.0,0.0,0.00,-0.3,-0.0, NY
,DeJon Jarreau,1,1.0,.000,0.0,0.0,0.0,0.0,0.0,0.0,0.00,-0.2,-0.0, IND
,Ade Murkey,1,1.0,.000,0.0,0.0,0.0,0.0,0.0,0.0,0.00,-0.2,-0.0, SAC
,Arnoldas Kulboka,1,3.0,.000,0.0,0.0,0.0,0.0,0.0,0.0,0.00,0.0,0.0, CHA
,Jaime Echenique,1,3.0,.000,0.0,0.0,0.0,0.0,0.0,0.0,0.00,-0.5,-0.0, WSH
563,Emanuel Terry,3,6.0,.000,16.7,41.7,0.0,0.0,0.0,0.0,-0.11,0.0,0.0, PHX
564,Darren Collison,3,12.3,.286,20.0,10.0,0.0,0.0,0.0,0.0,-0.15,0.0,0.0, LAL
565,Anthony Lamb,2,4.0,.000,50.0,0.0,0.0,0.0,0.0,0.0,-0.43,0.0,0.0, SA
566,Rob Edwards,2,5.5,.375,0.0,20.0,0.0,0.0,0.0,0.0,-0.64,-1.9,-0.1, OKC
567,Vit Krejci,3,3.0,.347,0.0,25.8,0.0,0.0,0.0,0.0,-0.93,0.0,0.0, OKC
568,Didi Louzada,2,3.5,.000,25.0,0.0,0.0,0.0,0.0,0.0,-1.12,0.0,0.0, NO
569,Malik Fitts,7,5.0,.333,0.0,18.2,0.0,0.0,0.0,0.0,-1.46,-6.4,-0.2, UTAH
570,Carlik Jones,5,4.6,.202,28.0,16.8,0.0,4.8,0.0,7.2,-1.57,0.0,0.0, DAL/DEN
571,Brodric Thomas,7,4.0,.202,28.0,16.8,0.0,0.0,0.0,0.0,-1.71,0.0,0.0, BOS
572,Mason Jones,2,4.5,.282,0.0,10.1,0.0,0.0,0.0,0.0,-2.14,0.0,0.0, LAL
573,JaQuori McLaughlin,4,2.8,.000,50.0,0.0,0.0,0.0,0.0,0.0,-2.90,0.0,0.0, DAL
574,MJ Walker,2,4.0,.000,20.0,0.0,0.0,0.0,0.0,0.0,-3.35,0.0,0.0, PHX
575,Jamorko Pickett,6,7.8,.150,7.1,21.4,0.0,0.0,0.0,0.0,-4.17,0.0,0.0, DET
576,Trayvon Palmer,1,17.0,.000,0.0,50.0,0.0,0.0,0.0,0.0,-5.75,-4.2,-0.1, DET
577,Sharife Cooper,10,3.5,.250,20.8,20.8,0.0,0.0,0.0,0.0,-5.87,0.0,0.0, ATL
578,Xavier Sneed,2,4.0,.000,0.0,0.0,0.0,0.0,0.0,0.0,-7.22,0.0,0.0, MEM
579,Aaron Henry,6,2.8,.200,0.0,28.6,0.0,0.0,0.0,0.0,-7.31,0.0,0.0, PHI
580,C.J. Miles,1,2.0,.000,0.0,0.0,0.0,0.0,0.0,0.0,-7.82,-0.5,-0.0, BOS
581,Jordan Schakel,2,7.0,.000,0.0,0.0,0.0,0.0,0.0,0.0,-10.87,0.0,0.0, WSH
582,Isaiah Livers,1,5.0,.000,0.0,33.3,0.0,0.0,0.0,0.0,-10.97,0.0,0.0, DET
583,Cat Barber,3,4.3,.000,30.7,10.2,0.0,0.0,0.0,0.0,-11.18,-4.3,-0.1, ATL
584,Jaylen Morris,3,5.3,.129,18.6,9.3,0.0,0.0,0.0,0.0,-11.41,0.0,0.0, SA
585,George King,4,4.8,.085,0.0,14.5,0.0,0.0,0.0,0.0,-12.38,0.0,0.0, DAL
586,David Johnson,2,1.0,.000,0.0,0.0,0.0,0.0,0.0,0.0,-20.23,0.0,0.0, TOR
587,Matt Mooney,1,2.0,.000,0.0,50.0,0.0,0.0,0.0,0.0,-20.33,0.0,0.0, NY
588,Jordan Goodwin,2,3.0,.000,0.0,0.0,0.0,0.0,0.0,0.0,-20.71,0.0,0.0, WSH
589,Jaysean Paige,1,7.0,.000,20.0,20.0,0.0,0.0,0.0,0.0,-22.39,-3.5,-0.1, DET
590,Zylan Cheatham,1,5.0,.000,0.0,0.0,0.0,0.0,0.0,0.0,-23.65,0.0,0.0, UTAH
591,Nate Hinton,2,1.0,.000,0.0,50.0,0.0,0.0,0.0,0.0,-45.60,0.0,0.0, IND
